,year,country,donated_amount,received_amount
0,1962,KW,301276416,
1,1963,KW,135326465,
2,1964,KW,351964299,
3,1965,KW,33924664,
4,1966,KW,244624855,
5,1967,KW,243117886,
6,1968,KW,89669161,
7,1970,KW,18096820,
8,1971,KW,210816882,
9,1972,AE,65370264,
10,1972,KW,279477208,
11,1973,AE,72042060,65097.0
12,1973,AU,271574791,
13,1973,BE,216826234,
14,1973,CA,2682412046,
15,1973,CH,145084507,
16,1973,DE,3224237396,
17,1973,DK,201860911,
18,1973,FR,3009352993,
19,1973,GB,2340726471,
20,1973,IT,856594003,
21,1973,JP,5202424568,
22,1973,KW,291863161,325483.0
23,1973,NL,849453186,
24,1973,NO,388311513,
25,1973,SE,858648085,
26,1973,US,6172099634,
27,1974,AE,870113600,
28,1974,AT,332741355,
29,1974,AU,1874101070,
30,1974,BE,282628934,
31,1974,CA,1469275502,
32,1974,CH,340742672,
33,1974,DE,5251256498,
34,1974,DK,326584513,
35,1974,FI,83627591,
36,1974,FR,2928538521,
37,1974,GB,3064206080,
38,1974,IT,58185968,
39,1974,JP,7602326224,
40,1974,KW,654879641,
41,1974,NL,1329624659,
42,1974,NO,419401169,
43,1974,NZ,10633721,
44,1974,SE,1477156784,
45,1974,US,5127520654,
46,1975,AE,369532938,
47,1975,AU,938361464,
48,1975,BE,230631139,
49,1975,CA,1846036446,
50,1975,CH,351796822,
51,1975,DE,3936531409,
52,1975,DK,273819163,
53,1975,FI,84313463,78448437.0
54,1975,FR,1595728253,
55,1975,GB,672858182,
56,1975,IT,162265198,
57,1975,JP,5515962073,
58,1975,KW,1313025223,
59,1975,NL,1147908414,
60,1975,NO,539797730,
61,1975,SA,1682266525,
62,1975,SE,1227782450,
63,1975,US,6072191069,
64,1976,AE,1037838342,
65,1976,AT,28276320,
66,1976,AU,1256964586,
67,1976,BE,220485663,
68,1976,CA,1363897102,
69,1976,CH,425283047,
70,1976,DE,3755609696,
71,1976,DK,314016257,
72,1976,FI,60651584,
73,1976,FR,2031031494,
74,1976,GB,1619574201,
75,1976,IT,109476211,
76,1976,JP,3741886057,
77,1976,KW,1217964394,
78,1976,NL,1806485054,
79,1976,NO,379733721,
80,1976,NZ,13037708,
81,1976,SA,1086627007,
82,1976,SE,932959677,
83,1976,US,8713084051,
84,1977,AE,1124048717,3599299.0
85,1977,AT,127827525,
86,1977,AU,1752080225,
87,1977,BE,231472647,
88,1977,CA,1787655027,
89,1977,CH,584347304,
90,1977,DE,3442705623,
91,1977,DK,420131682,
92,1977,FI,17010712,
93,1977,FR,2728799543,
94,1977,GB,1906074354,
95,1977,IT,62008979,
96,1977,JP,6628152735,
97,1977,KW,1435803071,243037.0
98,1977,NL,1859649052,
99,1977,NO,368031919,
100,1977,SA,4051837520,
101,1977,SE,1263361929,
102,1977,US,5856247965,
103,1978,AE,816640859,45992130.0
104,1978,AT,107440202,
105,1978,AU,1604273672,
106,1978,BE,183435619,
107,1978,CA,3280423787,
108,1978,CH,520484822,
109,1978,DE,4098411411,
110,1978,DK,514268771,
111,1978,FI,7876601,
112,1978,FR,1413215469,
113,1978,GB,6432252741,
114,1978,JP,5562965651,
115,1978,KW,611268839,
116,1978,NL,1880993915,
117,1978,NO,546925835,
118,1978,SA,2714709936,622892.0
119,1978,SE,1210845653,
120,1978,US,5958256847,
121,1979,AE,310233030,
122,1979,AT,54414482,
123,1979,AU,1523845009,
124,1979,BE,231216736,
125,1979,CA,1434872788,
126,1979,CH,524277540,
127,1979,DE,6694648965,
128,1979,DK,537921074,
129,1979,FI,152154369,
130,1979,FR,1617515983,
131,1979,GB,1907376627,
132,1979,JP,6498490713,
133,1979,KW,977372885,
134,1979,NL,1552024628,
135,1979,NO,670450649,
136,1979,SA,1304785946,12014220.0
137,1979,SE,1402221892,
138,1979,US,5572149648,
139,1980,AE,771697755,174742.0
140,1980,AT,237042672,157632201.0
141,1980,AU,1418545690,54502260.0
142,1980,BE,276441904,147868500.0
143,1980,CA,771799547,531674896.0
144,1980,CH,274090069,
145,1980,DE,7387659264,
146,1980,DK,572189877,104288895.0
147,1980,FI,22477217,
148,1980,FR,2878156747,116609845.0
149,1980,GB,2035932501,399202551.0
150,1980,IT,85412178,894504816.0
151,1980,JP,8777821974,264768921.0
152,1980,KW,660798368,
153,1980,NL,1957787122,
154,1980,NO,523951798,43725131.0
155,1980,SA,1065240241,120375527.0
156,1980,SE,821822125,35282669.0
157,1980,US,21051610053,
158,1981,AE,196978111,1813286.0
159,1981,AT,621987884,163916.0
160,1981,AU,1352548433,747648005.0
161,1981,BE,310715288,36477733.0
162,1981,CA,2080775056,2540405789.0
163,1981,CH,839837225,
164,1981,DE,6160732302,
165,1981,DK,551695202,
166,1981,FI,129838037,
167,1981,FR,2954241214,120922782.0
168,1981,GB,950246642,558141413.0
169,1981,IT,882812271,3585196.0
170,1981,JP,8264961068,446920760.0
171,1981,KW,1928005818,78425.0
172,1981,LI,994471,18264370.0
173,1981,NL,1500426693,
174,1981,NO,495924212,130936843.0
175,1981,NZ,83990159,
176,1981,SA,1270034942,409548081.0
177,1981,SE,1370424408,24474486.0
178,1981,US,22115310769,
179,1982,AE,408638598,936588.0
180,1982,AT,835970287,58590672.0
181,1982,AU,1197232123,2599450.0
182,1982,BE,299632155,
183,1982,CA,1134293304,170174807.0
184,1982,CH,541271311,
185,1982,DE,4650841286,
186,1982,DK,889981504,
187,1982,FI,70621508,
188,1982,FR,3156677230,
189,1982,GB,1730099972,
190,1982,IT,830860873,663971.0
191,1982,JP,9638208859,
192,1982,KW,2016947119,
193,1982,LI,760321,
194,1982,NL,1334163335,
195,1982,NO,643471615,63586018.0
196,1982,NZ,114061767,213884594.0
197,1982,SA,2154260886,197083911.0
198,1982,SE,1467788096,
199,1982,US,18706246268,264104.0
200,1983,AE,141770854,598545.0
201,1983,AT,420702232,
202,1983,AU,1357383174,
203,1983,BE,326528363,
204,1983,CA,1740352264,
205,1983,CH,833206301,
206,1983,DE,3681555632,
207,1983,DK,708564360,
208,1983,FI,89657119,70538468.0
209,1983,FR,2891207571,
210,1983,GB,1569983322,
211,1983,IT,1616875297,147595542.0
212,1983,JP,8208436464,
213,1983,KW,1081251350,
214,1983,LI,88595,
215,1983,NL,1814911179,
216,1983,NO,103452945,
217,1983,NZ,97650303,
218,1983,PT,42794173,1551146392.0
219,1983,SA,1159197442,206745775.0
220,1983,SE,1428776862,
221,1983,US,16197532238,2657078.0
222,1984,AE,356019945,14126384.0
223,1984,AT,140176337,
224,1984,AU,1175287535,
225,1984,BE,142978092,
226,1984,CA,3449267329,153022875.0
227,1984,CH,487260579,
228,1984,DE,5334023361,
229,1984,DK,885873041,62021691.0
230,1984,FI,105054340,26553629.0
231,1984,FR,4409772705,
232,1984,GB,1805691390,
233,1984,IT,1566208620,551936148.0
234,1984,JP,9453228061,166832089.0
235,1984,KW,783967762,
236,1984,LI,60286,
237,1984,NL,2160157363,
238,1984,NO,1162771268,
239,1984,NZ,2432074,
240,1984,PT,783774944,239040368.0
241,1984,SA,1069162682,59201063.0
242,1984,SE,1447750635,
243,1984,US,17157834424,
244,1985,AE,103226642,149745706.0
245,1985,AT,204076518,
246,1985,AU,1093483566,
247,1985,BE,135969411,
248,1985,CA,2221285996,
249,1985,CH,1026515863,
250,1985,DE,5368678584,
251,1985,DK,1055184829,
252,1985,FI,32897931,
253,1985,FR,3369261745,
254,1985,GB,1049349822,
255,1985,IT,1399517874,
256,1985,JP,9694421283,269876498.0
257,1985,KW,607283862,524410.0
258,1985,LI,149267,
259,1985,NL,1398462933,
260,1985,NO,1115723447,
261,1985,NZ,54990260,161827.0
262,1985,PT,124128554,246058028.0
263,1985,SA,1026653299,35529584.0
264,1985,SE,1356658828,
265,1985,US,18631712865,2697117.0
266,1986,AE,143728802,
267,1986,AT,159942523,
268,1986,AU,1034645967,1867754.0
269,1986,BE,144268936,
270,1986,CA,2883335325,
271,1986,CH,673684458,
272,1986,DE,4068175221,
273,1986,DK,1097551308,
274,1986,FI,46044923,83529726.0
275,1986,FR,3622570802,5558791.0
276,1986,GB,1531675553,
277,1986,IT,2372272480,
278,1986,JP,6565351774,130559708.0
279,1986,KW,706625998,
280,1986,LI,365971,
281,1986,NL,2092074031,
282,1986,NO,1615292326,
283,1986,SA,668329819,38740378.0
284,1986,SE,1555463399,
285,1986,US,16389399690,
286,1987,AE,239243863,131760270.0
287,1987,AT,135440572,
288,1987,AU,964816498,
289,1987,BE,12638007,
290,1987,CA,2919997483,
291,1987,CH,827703703,
292,1987,DE,4480901070,
293,1987,DK,833800077,
294,1987,FI,461506414,
295,1987,FR,3170553789,
296,1987,GB,3316554219,
297,1987,IT,5444060619,
298,1987,JP,10123516851,525123264.0
299,1987,KW,581925741,
300,1987,LI,103776,
301,1987,NL,2726631054,
302,1987,NO,1205424816,
303,1987,PT,429090723,177901755.0
304,1987,SA,330670376,27458749.0
305,1987,SE,2083125894,
306,1987,US,15137086837,
307,1988,AE,333365854,
308,1988,AT,442339345,
309,1988,AU,2157380491,765841.0
310,1988,BE,123096498,
311,1988,CA,2750357951,
312,1988,CH,821201893,
313,1988,DE,4924569831,
314,1988,DK,1058959295,
315,1988,ES,284416184,
316,1988,FI,643321681,
317,1988,FR,4472330831,
318,1988,GB,2131769227,
319,1988,IT,4254316790,
320,1988,JP,15736888651,
321,1988,KW,474051250,38548207.0
322,1988,LI,172424,
323,1988,NL,2490424209,
324,1988,NO,581442442,
325,1988,PT,83744651,114567267.0
326,1988,SA,116239568,42431775.0
327,1988,SE,2975978206,
328,1988,US,13540449480,585643.0
329,1989,AT,640296217,
330,1989,AU,547323550,514746.0
331,1989,BE,794444948,
332,1989,CA,2423459756,1961661.0
333,1989,CH,936140654,
334,1989,DE,8767963426,
335,1989,DK,1128690394,
336,1989,ES,1227835559,647995.0
337,1989,FI,757522618,
338,1989,FR,5337735651,
339,1989,GB,1943767942,
340,1989,IT,3731777043,
341,1989,JP,9639600987,
342,1989,KW,600266674,
343,1989,LI,111606,
344,1989,LU,6616768,
345,1989,NL,2632614858,
346,1989,NO,932550389,
347,1989,PT,295785818,164736840.0
348,1989,SA,391703136,
349,1989,SE,5725826433,
350,1989,US,12900370235,626091.0
351,1990,AT,137421675,
352,1990,AU,871048383,
353,1990,BE,808091033,
354,1990,CA,3132615948,
355,1990,CH,1070184320,
356,1990,DE,8542248360,
357,1990,DK,717785170,
358,1990,ES,953958388,
359,1990,FI,647268783,
360,1990,FR,4250596163,
361,1990,GB,1604906808,
362,1990,IS,19446,
363,1990,IT,2522803488,
364,1990,JP,13507340088,
365,1990,KW,799461823,4901882.0
366,1990,LI,529122,
367,1990,NL,1968867340,
368,1990,NO,1130749186,
369,1990,PT,28073104,33779496.0
370,1990,SA,327972547,114341.0
371,1990,SE,3300350985,
372,1990,TW,24501568,
373,1990,US,15317834119,163344.0
374,1991,AT,495797840,
375,1991,AU,1261338893,
376,1991,BE,600114350,
377,1991,CA,1606574505,
378,1991,CH,1365804636,
379,1991,DE,5073636443,
380,1991,DK,747527505,
381,1991,ES,1783799755,
382,1991,FI,897276533,
383,1991,FR,5125365433,
384,1991,GB,1687861707,
385,1991,IT,3421015634,
386,1991,JP,16581862852,
387,1991,KW,597279637,10244282.0
388,1991,LI,1007362,
389,1991,NL,1829001089,
390,1991,NO,1312425026,
391,1991,PT,29384355,4420366.0
392,1991,SA,37585740,89900046.0
393,1991,SE,2258925862,
394,1991,TW,145240594,5446049.0
395,1991,US,27878796548,
396,1992,AT,123115426,
397,1992,AU,793814881,193553716.0
398,1992,BE,1531370922,
399,1992,CA,1906885768,
400,1992,CH,1068032133,
401,1992,DE,13904377750,
402,1992,DK,946008658,
403,1992,ES,1365958810,
404,1992,FI,535977940,
405,1992,FR,4072759592,
406,1992,GB,3763146969,27402582.0
407,1992,IS,4866725,
408,1992,IT,3453951000,
409,1992,JP,13431944289,
410,1992,KW,682315175,7407603785.0
411,1992,LI,298085,
412,1992,NL,2494794477,
413,1992,NO,952481892,62668301.0
414,1992,PT,342074658,
415,1992,SA,152492649,148479604.0
416,1992,SE,2612993494,
417,1992,TW,42765090,
418,1992,US,23966889509,808159.0
419,1993,AE,153703642,17737400.0
420,1993,AT,53129733,132570772.0
421,1993,AU,1732706263,79262311.0
422,1993,BE,230944927,
423,1993,CA,1937404539,83925439.0
424,1993,CH,779207274,
425,1993,DE,10972620862,
426,1993,DK,1127165184,
427,1993,ES,798636229,
428,1993,FI,386320411,
429,1993,FR,3981230403,
430,1993,GB,1501958886,1091296.0
431,1993,IT,1957499483,277419753.0
432,1993,JP,14908901963,
433,1993,KW,1008376748,534686.0
434,1993,LI,457766,
435,1993,NL,2949091585,
436,1993,NO,1402016197,67085688.0
437,1993,PT,331337527,
438,1993,SA,242851754,430370.0
439,1993,SE,1642468044,
440,1993,TW,197624458,
441,1993,US,20017661974,968333.0
442,1994,AT,33827243,
443,1994,AU,1749817581,321233163.0
444,1994,BE,550263012,
445,1994,CA,2192884667,589445.0
446,1994,CH,1661069208,
447,1994,DE,10954053863,
448,1994,DK,859165234,
449,1994,ES,492030486,
450,1994,FI,264310357,
451,1994,FR,3997174380,
452,1994,GB,1628160907,
453,1994,IS,16516273,
454,1994,IT,2204974588,524992994.0
455,1994,JP,11786812609,
456,1994,KW,396956661,7878379.0
457,1994,LI,469966,
458,1994,NL,2166189738,
459,1994,NO,1868799122,
460,1994,PT,411471716,4420832.0
461,1994,SA,485859285,5682814.0
462,1994,SE,1864225795,
463,1994,TW,193210995,2655902.0
464,1994,US,26310351091,
465,1995,AT,64161532,
466,1995,AU,625948090,343759453.0
467,1995,BE,1215991882,
468,1995,CA,2726795238,
469,1995,CH,1160870969,
470,1995,DE,12592289265,
471,1995,DK,1320285553,
472,1995,ES,532563228,
473,1995,FI,296754568,
474,1995,FR,4173934908,
475,1995,GB,2435932366,
476,1995,IS,4866442,
477,1995,IT,4596735198,
478,1995,JP,15828916044,
479,1995,KW,903610208,302540263.0
480,1995,LI,192318,
481,1995,NL,3023080504,
482,1995,NO,2044782623,
483,1995,NZ,137285539,338331.0
484,1995,PT,268397115,
485,1995,SA,148081018,7397882.0
486,1995,SE,1634678475,
487,1995,TW,42092864,2561779.0
488,1995,US,24065457844,821088.0
489,1996,AT,696611855,56293.0
490,1996,AU,3179682024,167001.0
491,1996,BE,1089752630,556670.0
492,1996,CA,2500364587,
493,1996,CH,898690533,
494,1996,CZ,47674491,126769110.0
495,1996,DE,6772119092,
496,1996,DK,2168497142,
497,1996,ES,629282406,
498,1996,FI,291970845,
499,1996,FR,4183513376,
500,1996,GB,3148579208,570588.0
501,1996,IS,2505409,
502,1996,IT,1071681390,
503,1996,JP,22147477608,
504,1996,KW,856664869,48343114.0
505,1996,LI,607968,
506,1996,NL,3218082299,
507,1996,NO,1932048223,
508,1996,PT,220936859,
509,1996,SA,79232749,2798677.0
510,1996,SE,1352557822,
511,1996,TW,141364610,9333721.0
512,1996,US,26372076889,6698560.0
513,1997,AT,440603657,
514,1997,AU,1617727095,
515,1997,BE,1124268764,
516,1997,CA,1911762873,920366.0
517,1997,CH,979248525,
518,1997,CZ,25492770,1372674969.0
519,1997,DE,11875611532,
520,1997,DK,1356601676,
521,1997,ES,1350222174,
522,1997,FI,294234354,
523,1997,FR,3978056887,
524,1997,GB,2883284913,467727.0
525,1997,IT,2491291688,
526,1997,JP,22348623676,
527,1997,KW,644832350,1450794.0
528,1997,LI,428991,
529,1997,NL,3286051883,422463.0
530,1997,NO,1622075154,
531,1997,PT,342769436,
532,1997,SA,28365368,2467389.0
533,1997,SE,1634488015,
534,1997,TW,167023739,2454079.0
535,1997,US,22247198382,2778744.0
536,1998,AE,8128706,7101267.0
537,1998,AT,667529884,
538,1998,AU,1505982358,133637036.0
539,1998,BE,1030443155,
540,1998,BR,6356445,22380989775.0
541,1998,CA,2564812434,352710.0
542,1998,CH,947582424,
543,1998,CZ,12553832,263348646.0
544,1998,DE,3854531773,
545,1998,DK,684796419,
546,1998,ES,1931512746,
547,1998,FI,335103885,
548,1998,FR,6155479164,490727.0
549,1998,GB,5515699575,904777.0
550,1998,IS,2457620,
551,1998,IT,1323164234,
552,1998,JP,23332405113,
553,1998,KW,762436832,5839789.0
554,1998,LI,1951608,
555,1998,NL,3352901073,
556,1998,NO,1808515555,
557,1998,PT,86530279,
558,1998,SA,91806798,1671000.0
559,1998,SE,1693367592,
560,1998,TW,132358210,876129.0
561,1998,US,19591021925,79871653.0
562,1999,AE,422341612,1623788.0
563,1999,AT,604403853,
564,1999,AU,2169227283,
565,1999,BE,779721454,
566,1999,CA,2205837322,286550.0
567,1999,CH,1805323970,
568,1999,CZ,11837526,564191564.0
569,1999,DE,6206273454,
570,1999,DK,1107941694,
571,1999,ES,1992595360,
572,1999,FI,384827548,
573,1999,FR,5930156145,482610.0
574,1999,GB,4208591029,226224.0
575,1999,IS,1480373,
576,1999,IT,1428207138,
577,1999,JP,27848129672,277997300.0
578,1999,KW,955502993,1644058.0
579,1999,NL,3144654592,
580,1999,NO,3008760362,
581,1999,PT,643895289,
582,1999,SA,114177582,2737945886.0
583,1999,SE,1654731654,
584,1999,TW,79630719,603873086.0
585,1999,US,33370664001,70808932.0
586,2000,AE,195210997,628944.0
587,2000,AT,656204006,
588,2000,AU,2797633639,
589,2000,BE,1157410424,
590,2000,CA,2709647611,751804.0
591,2000,CH,1614656562,184816.0
592,2000,CZ,11593973,347623972.0
593,2000,DE,12100624399,
594,2000,DK,1826579468,
595,2000,EE,447408,207859744.0
596,2000,ES,2048162864,
597,2000,FI,389802159,
598,2000,FR,6098383647,
599,2000,GB,7265652874,311952.0
600,2000,IE,246213764,171345603.0
601,2000,IS,8731128,
602,2000,IT,1591473044,92408.0
603,2000,JP,13309033479,
604,2000,KW,618047057,1036017.0
605,2000,LI,2522547,
606,2000,NL,4907125110,
607,2000,NO,1968039969,358745.0
608,2000,PT,913591486,
609,2000,SA,82771251,711426774.0
610,2000,SE,1775371827,
611,2000,TW,57196391,779075653.0
612,2000,US,28537839301,134394927.0
613,2001,AE,636141105,2367854.0
614,2001,AT,792501716,171695803.0
615,2001,AU,2073519874,
616,2001,BE,1052665157,
617,2001,BR,98995,33798385154.0
618,2001,CA,2258864366,
619,2001,CH,1583368629,
620,2001,CZ,14041133,1002199302.0
621,2001,DE,6843358841,
622,2001,DK,1803346852,
623,2001,EE,427447,178176603.0
624,2001,ES,2533254772,
625,2001,FI,489626339,
626,2001,FR,6546289259,
627,2001,GB,4079837084,
628,2001,IE,329015823,175063408.0
629,2001,IS,6320710,
630,2001,IT,1215534575,
631,2001,JP,13060308963,
632,2001,KW,799918057,5105552.0
633,2001,LI,832561,
634,2001,LU,170893049,
635,2001,NL,4405543068,
636,2001,NO,2577149212,
637,2001,PT,405053215,
638,2001,SA,462969599,5053775.0
639,2001,SE,1831486056,
640,2001,TW,67249345,13689330.0
641,2001,US,22210916964,79362204.0
642,2002,AE,774178097,1790276.0
643,2002,AT,764719122,249859099.0
644,2002,AU,1783231913,696882923.0
645,2002,BE,1920368286,
646,2002,CA,3377320036,587901535.0
647,2002,CH,1603742628,24996.0
648,2002,CL,210560,364569910.0
649,2002,CZ,6410987,1804225570.0
650,2002,DE,7861992192,
651,2002,DK,1572453669,
652,2002,EE,333461,360251905.0
653,2002,ES,2169503212,
654,2002,FI,508161287,
655,2002,FR,8216914788,
656,2002,GB,4948570342,
657,2002,GR,214831202,
658,2002,IE,402934062,272240314.0
659,2002,IS,1985213,
660,2002,IT,2207516042,
661,2002,JP,11640226613,
662,2002,KW,1088944369,3115723.0
663,2002,LI,2749279,10053.0
664,2002,LU,201751486,139320026.0
665,2002,NL,7543024938,
666,2002,NO,2512768042,
667,2002,NZ,167767330,
668,2002,PT,326141691,
669,2002,SA,530435453,13677359.0
670,2002,SE,1963125965,
671,2002,TW,25854034,170259619.0
672,2002,US,25893784571,110264612.0
673,2003,AE,173629901,7842684.0
674,2003,AT,496381506,341910.0
675,2003,AU,2436290889,273528.0
676,2003,BE,2251525908,
677,2003,CA,2876824821,
678,2003,CH,1564063194,19468.0
679,2003,CL,53007,713533173.0
680,2003,CZ,23150200,2088243198.0
681,2003,DE,8088358082,
682,2003,DK,1002849178,
683,2003,EE,508614,87453270.0
684,2003,ES,2235901291,
685,2003,FI,586741354,
686,2003,FR,10953984617,
687,2003,GB,5580834377,642791.0
688,2003,GR,371012706,
689,2003,HU,278818,1808399155.0
690,2003,IE,396122682,
691,2003,IS,206981,
692,2003,IT,1984816968,35589.0
693,2003,JP,20762918024,
694,2003,KW,457445183,1508330.0
695,2003,LI,5883746,
696,2003,LU,222995394,
697,2003,NL,3437728293,
698,2003,NO,2742683292,
699,2003,NZ,201837524,
700,2003,PT,267791936,
701,2003,SA,306242270,9536462.0
702,2003,SE,2937955253,
703,2003,TW,29681670,15103689.0
704,2003,US,27076861238,73730910.0
705,2004,AE,62464635,7091633.0
706,2004,AT,546802425,1508.0
707,2004,AU,2273683551,624561.0
708,2004,BE,1683457085,
709,2004,BR,2717701,6355829636.0
710,2004,CA,3663364898,1055509.0
711,2004,CH,1965480717,
712,2004,CL,132247,208025676.0
713,2004,CZ,16134234,143701499.0
714,2004,DE,7380921752,31462.0
715,2004,DK,2232873620,
716,2004,EE,509984,62769878.0
717,2004,ES,1902676177,
718,2004,FI,621288356,
719,2004,FR,8934119027,
720,2004,GB,5476839442,326021.0
721,2004,GR,223774677,
722,2004,HU,4463134,435614215.0
723,2004,IE,443017548,
724,2004,IS,1358461,
725,2004,IT,3724554794,
726,2004,JP,16248578376,
727,2004,KW,658604463,17119818.0
728,2004,LI,3580618,
729,2004,LU,232906622,
730,2004,NL,3557899860,
731,2004,NO,2318782921,
732,2004,NZ,253642043,
733,2004,PT,1303337776,
734,2004,SA,238732319,92963160.0
735,2004,SE,2722319183,
736,2004,SK,5932307,187453059.0
737,2004,TW,36224557,17888290.0
738,2004,US,30417179934,27387226.0
739,2005,AT,1626335016,127534.0
740,2005,AU,2487331027,346214.0
741,2005,BE,2572571560,
742,2005,BR,3395509,4647524774.0
743,2005,CA,3741299569,702145.0
744,2005,CH,2134727660,97503.0
745,2005,CL,159808,214869059.0
746,2005,CY,465238,
747,2005,CZ,28570972,32665429.0
748,2005,DE,10980159033,
749,2005,DK,1980936947,425175.0
750,2005,EE,494493,
751,2005,ES,2407135582,
752,2005,FI,888610406,
753,2005,FR,11169382120,411812.0
754,2005,GB,10159181675,
755,2005,GR,267778386,355932.0
756,2005,HU,5962172,101276814.0
757,2005,IE,508930168,
758,2005,IS,4333796,
759,2005,IT,3360071238,
760,2005,JP,21397399349,
761,2005,KW,967309543,1268867.0
762,2005,LI,4619587,51947.0
763,2005,LU,309859153,
764,2005,LV,173322,31073685.0
765,2005,NL,4300534063,
766,2005,NO,2942160860,
767,2005,NZ,410638194,
768,2005,PT,334704332,
769,2005,SA,260208367,12991180.0
770,2005,SE,3480816258,
771,2005,SK,9166906,59344680.0
772,2005,TW,16521069,
773,2005,US,31935876584,6071467.0
774,2005,ZA,11442339,1425337172.0
775,2006,AT,1397034575,
776,2006,AU,3767934804,
777,2006,BE,1920356850,
778,2006,BR,3282439,4356662198.0
779,2006,CA,3141757912,
780,2006,CH,1856683513,
781,2006,CL,2160355,355106455.0
782,2006,CO,1714,4545612230.0
783,2006,CY,2329209,
784,2006,CZ,71888938,45280366.0
785,2006,DE,11063717250,
786,2006,DK,1708334711,
787,2006,EE,1265333,1093204.0
788,2006,ES,3190672698,
789,2006,FI,790134543,73670.0
790,2006,FR,11819533948,
791,2006,GB,10293793492,
792,2006,GR,247353378,
793,2006,HU,2140280,71621830.0
794,2006,IE,638442783,
795,2006,IN,156845043,9276567640.0
796,2006,IS,10435082,
797,2006,IT,3035916690,
798,2006,JP,19406875807,
799,2006,KR,2306692470,10646451.0
800,2006,KW,586472699,3828659.0
801,2006,LI,7009261,
802,2006,LU,260288801,
803,2006,LV,233695,1187745.0
804,2006,MC,2856529,
805,2006,NL,12582034454,
806,2006,NO,3673669718,
807,2006,NZ,409649783,
808,2006,PT,224508161,
809,2006,SA,573137694,15146210.0
810,2006,SE,3831988921,
811,2006,SK,13113459,29969068.0
812,2006,TW,75974053,
813,2006,US,27199058524,326276.0
814,2006,ZA,68855372,1175305070.0
815,2007,AE,519705378,3622101.0
816,2007,AT,1496443318,
817,2007,AU,2449316517,
818,2007,BE,1767993171,
819,2007,BR,7095098,5408832289.0
820,2007,CA,3923430440,
821,2007,CH,2124276294,
822,2007,CL,858379,373505352.0
823,2007,CO,341405,4341130613.0
824,2007,CY,3160814,4469.0
825,2007,CZ,18265835,
826,2007,DE,12240596417,28702.0
827,2007,DK,1653443381,
828,2007,EE,2535659,
829,2007,ES,3985911922,
830,2007,FI,744973539,
831,2007,FR,9115756591,
832,2007,GB,5044072524,
833,2007,GR,279517116,
834,2007,HU,2953967,19902153.0
835,2007,IE,764925856,
836,2007,IN,404213680,11081932004.0
837,2007,IS,5356575,
838,2007,IT,1555970313,
839,2007,JP,21791992274,
840,2007,KR,3135625602,
841,2007,KW,693688438,2903272.0
842,2007,LI,2763243,
843,2007,LT,3791376,17771891.0
844,2007,LU,293216018,
845,2007,LV,711659,602437.0
846,2007,MC,3186552,
847,2007,NL,5098382348,
848,2007,NO,3629591945,
849,2007,NZ,334838234,
850,2007,PT,324831313,
851,2007,QA,104519053,
852,2007,RO,3233820,579480161.0
853,2007,SA,339674992,16969911.0
854,2007,SE,2597327228,
855,2007,SK,8746018,91460248.0
856,2007,TH,14491026,286541112.0
857,2007,TW,62867120,
858,2007,US,26459449997,147573343.0
859,2007,ZA,58967227,2288393269.0
860,2008,AE,322152285,497619.0
861,2008,AT,1344927792,
862,2008,AU,5355445381,
863,2008,BE,1849310545,
864,2008,BR,15890284,9992115255.0
865,2008,CA,4195313359,55468.0
866,2008,CH,2095438438,
867,2008,CL,1576577,920056413.0
868,2008,CO,261065,6209375042.0
869,2008,CY,5978649,
870,2008,CZ,22774352,
871,2008,DE,14159771186,
872,2008,DK,1614686135,
873,2008,EE,3670729,
874,2008,ES,4778428912,
875,2008,FI,978120884,
876,2008,FR,10787342770,8227.0
877,2008,GB,7341153076,
878,2008,GR,316178145,
879,2008,HU,9328691,6993433666.0
880,2008,IE,838062397,
881,2008,IN,1507856310,12069225339.0
882,2008,IS,6907986,929139467.0
883,2008,IT,2328963029,
884,2008,JP,19744759864,
885,2008,KR,3795372418,
886,2008,KW,825464155,38773577.0
887,2008,LI,10139758,66713.0
888,2008,LT,3769950,
889,2008,LU,305284417,
890,2008,LV,1200030,1009859122.0
891,2008,MC,5101428,
892,2008,NL,5555385138,
893,2008,NO,3979023411,
894,2008,NZ,431622943,
895,2008,PT,250231868,113058.0
896,2008,RO,1776813,1254827.0
897,2008,SA,325553125,149218267.0
898,2008,SE,2847189337,
899,2008,SK,7412836,
900,2008,TH,4340558,960146991.0
901,2008,TW,58773027,
902,2008,US,33105620412,22510240.0
903,2008,ZA,60154499,1710375042.0
904,2009,AE,1443986643,
905,2009,AT,565134024,69992.0
906,2009,AU,3504063893,
907,2009,BE,2146226478,
908,2009,BR,6116190,5518567980.0
909,2009,CA,4636551735,
910,2009,CH,2126013939,
911,2009,CL,4158463,145628729.0
912,2009,CY,2631523,
913,2009,CZ,2751605,
914,2009,DE,11056304190,
915,2009,DK,2028516385,
916,2009,EE,2390930,
917,2009,ES,4464903722,
918,2009,FI,1405005310,
919,2009,FR,10033682512,
920,2009,GB,12087060797,
921,2009,GR,302996603,
922,2009,IE,681821451,
923,2009,IN,1506635183,15335600218.0
924,2009,IS,4013644,
925,2009,IT,1165055845,
926,2009,JP,16441527271,
927,2009,KR,4145203785,
928,2009,KW,524846052,898002.0
929,2009,LT,2723490,
930,2009,LU,299553630,
931,2009,LV,19157,304357419.0
932,2009,NL,5405747424,
933,2009,NO,5054770609,
934,2009,NZ,359885041,
935,2009,PT,356655331,
936,2009,RO,1908157,8636908907.0
937,2009,SA,512413060,327156.0
938,2009,SE,3942692985,
939,2009,SK,9812913,1055264.0
940,2009,TH,7885166,1212544997.0
941,2009,TW,36470109,14202.0
942,2009,US,31421042449,127665185.0
943,2009,ZA,43110748,4419811842.0
944,2010,AE,1258605135,
945,2010,AT,713844632,
946,2010,AU,4355150859,
947,2010,BE,2246984787,
948,2010,BR,159493569,8433092919.0
949,2010,CA,4198109702,
950,2010,CH,2248764387,
951,2010,CL,3433878,459984585.0
952,2010,CO,10335313,5705957285.0
953,2010,CY,3972434,
954,2010,DE,11883108236,
955,2010,DK,1827561771,
956,2010,EE,2917295,
957,2010,ES,5056346346,
958,2010,FI,1167751109,
959,2010,FR,11188674588,
960,2010,GB,5436859517,
961,2010,GR,224819873,18459940676.0
962,2010,IE,617275656,13594328023.0
963,2010,IN,641427334,12825568445.0
964,2010,IT,1039644175,
965,2010,JP,18833020524,124673.0
966,2010,KR,1921177406,
967,2010,KW,325792895,18585.0
968,2010,LU,343823032,
969,2010,LV,21703,153298059.0
970,2010,NL,6453171092,
971,2010,NO,4360659441,
972,2010,NZ,326954493,
973,2010,PT,418126158,
974,2010,SA,692948414,352548.0
975,2010,SE,3372603060,
976,2010,SI,21710348,
977,2010,SK,6741758,
978,2010,TH,5137671,2281408420.0
979,2010,TW,73835921,
980,2010,US,34029578473,15979645.0
981,2011,AE,755892011,
982,2011,AT,539006317,
983,2011,AU,4275448580,
984,2011,BE,1929288342,
985,2011,CA,4285361455,
986,2011,CH,2722495589,
987,2011,CY,1181614,
988,2011,CZ,58175190,
989,2011,DE,12510186576,
990,2011,DK,2315791559,
991,2011,ES,2647479551,9171590.0
992,2011,FI,1180854687,
993,2011,FR,8856259966,
994,2011,GB,3940239571,
995,2011,GR,153897346,
996,2011,IE,606042001,
997,2011,IS,20051316,
998,2011,IT,1742080275,
999,2011,JP,15521889994,
1000,2011,KR,1627533718,
1001,2011,LU,280976719,
1002,2011,NL,4026157938,
1003,2011,NO,3747677218,
1004,2011,NZ,492500284,
1005,2011,PT,479422948,15121659714.0
1006,2011,SA,638000000,1710697.0
1007,2011,SE,3183307227,
1008,2011,TW,133495869,
1009,2011,US,29505007230,170837336.0
1010,2012,AE,2332154787,
1011,2012,AT,748881668,
1012,2012,AU,4668046263,
1013,2012,BE,1420704019,
1014,2012,CA,3366431323,
1015,2012,CH,2684631650,
1016,2012,CZ,72417915,
1017,2012,DE,13077577672,
1018,2012,DK,2042644745,
1019,2012,ES,1230716886,
1020,2012,FI,870394794,
1021,2012,FR,12041909758,
1022,2012,GB,5730280965,
1023,2012,GR,116815779,
1024,2012,IE,570016077,
1025,2012,IS,22064687,
1026,2012,IT,904388631,
1027,2012,JP,17329537684,
1028,2012,KR,1760095421,
1029,2012,KW,1860082105,
1030,2012,LU,290497969,
1031,2012,NL,5233387305,
1032,2012,NO,3538243741,
1033,2012,NZ,310042089,
1034,2012,PT,435426597,
1035,2012,SE,3282268378,
1036,2012,US,25251044474,
1037,9999,TW,113380000,
